"table","model","term","scale","est_full","LCI_full","UCI_full","p_full","est_min","LCI_min","UCI_min","p_min","p_crosses_05","direction_change","sensitive"
"Table 1","all-cause CT","AFL-only-NoCOPD","HR",0.897,0.622,1.296,0.564,0.902,0.625,1.303,0.583,FALSE,FALSE,FALSE
"Table 1","all-cause ESI","AFL-only-NoCOPD","HR",0.913,0.571,1.46,0.705,0.974,0.609,1.556,0.911,FALSE,FALSE,FALSE
"Table 1","respiratory CT","AFL-only-NoCOPD","HR",1.653,0.662,4.13,0.282,1.664,0.666,4.156,0.276,FALSE,FALSE,FALSE
"Table 1","respiratory ESI","AFL-only-NoCOPD","HR",2.017,0.736,5.532,0.173,2.122,0.774,5.82,0.144,FALSE,FALSE,FALSE
"Table 1","all-cause CT","COPD-minor","HR",1.907,1.64,2.218,4.79e-17,2.085,1.797,2.421,4.52e-22,FALSE,FALSE,FALSE
"Table 1","all-cause ESI","COPD-minor","HR",1.943,1.625,2.324,3.26e-13,2.109,1.766,2.518,1.8e-16,FALSE,FALSE,FALSE
"Table 1","respiratory CT","COPD-minor","HR",3.092,2.012,4.751,2.59e-07,3.104,2.023,4.761,2.12e-07,FALSE,FALSE,FALSE
"Table 1","respiratory ESI","COPD-minor","HR",2.912,1.767,4.8,2.77e-05,2.888,1.754,4.754,3.04e-05,FALSE,FALSE,FALSE
"Table 1","all-cause CT","COPD-major","HR",2.591,2.351,2.855,2.91e-82,2.927,2.662,3.217,1.4e-109,FALSE,FALSE,FALSE
"Table 1","all-cause ESI","COPD-major","HR",2.395,2.184,2.626,8.8e-77,2.687,2.455,2.94,1.34e-102,FALSE,FALSE,FALSE
"Table 1","respiratory CT","COPD-major","HR",13.93,10.593,18.317,2.78e-79,16.231,12.369,21.297,6.69e-90,FALSE,FALSE,FALSE
"Table 1","respiratory ESI","COPD-major","HR",11.853,9.256,15.179,1.73e-85,13.817,10.811,17.658,9.88e-98,FALSE,FALSE,FALSE
"Table 1","exacerbations CT","AFL-only-NoCOPD","IRR",1.28,0.942,1.739,0.115,1.241,0.911,1.691,0.17,FALSE,FALSE,FALSE
"Table 1","exacerbations ESI","AFL-only-NoCOPD","IRR",0.969,0.629,1.492,0.885,0.902,0.583,1.397,0.645,FALSE,FALSE,FALSE
"Table 1","exacerbations CT","COPD-minor","IRR",2.728,2.366,3.145,2.31e-43,2.841,2.469,3.269,4e-48,FALSE,FALSE,FALSE
"Table 1","exacerbations ESI","COPD-minor","IRR",2.781,2.337,3.309,1.01e-30,2.91,2.448,3.46,1.02e-33,FALSE,FALSE,FALSE
"Table 1","exacerbations CT","COPD-major","IRR",5.068,4.609,5.573,4.62e-246,5.189,4.733,5.689,1.22e-269,FALSE,FALSE,FALSE
"Table 1","exacerbations ESI","COPD-major","IRR",4.473,4.079,4.905,3.87e-222,4.599,4.203,5.032,2.78e-242,FALSE,FALSE,FALSE
"Table 2","all-cause","Both-COPD","HR",2.607,2.368,2.869,3.32e-85,2.936,2.674,3.224,1.18e-112,FALSE,FALSE,FALSE
"Table 2","respiratory","Both-COPD","HR",13.653,10.32,18.063,7.64e-75,15.682,11.879,20.702,4.83e-84,FALSE,FALSE,FALSE
"Table 2","exacerbations","Both-COPD","IRR",4.891,4.463,5.36,6.75e-253,5.037,4.609,5.503,4.8e-280,FALSE,FALSE,FALSE
"Table 2","all-cause","Bhatt-only-COPD","HR",1.577,1.302,1.909,3.04e-06,1.723,1.424,2.084,2.09e-08,FALSE,FALSE,FALSE
"Table 2","respiratory","Bhatt-only-COPD","HR",3.071,1.85,5.099,1.44e-05,3.095,1.866,5.134,1.21e-05,FALSE,FALSE,FALSE
"Table 2","exacerbations","Bhatt-only-COPD","IRR",1.992,1.665,2.384,5.38e-14,2.027,1.695,2.425,1.04e-14,FALSE,FALSE,FALSE
"Table 2","all-cause","ESI-only-COPD","HR",1.096,0.806,1.489,0.56,1.114,0.82,1.514,0.488,FALSE,FALSE,FALSE
"Table 2","respiratory","ESI-only-COPD","HR",2.321,1.103,4.883,0.0265,2.26,1.074,4.754,0.0317,FALSE,FALSE,FALSE
"Table 2","exacerbations","ESI-only-COPD","IRR",1.373,1.053,1.79,0.0192,1.327,1.016,1.733,0.0381,FALSE,FALSE,FALSE
"S3a","all-cause CT","AFL-only-NoCOPD","HR",0.898,0.622,1.297,0.568,0.903,0.625,1.303,0.585,FALSE,FALSE,FALSE
"S3a","all-cause ESI","AFL-only-NoCOPD","HR",0.908,0.568,1.452,0.688,0.973,0.609,1.555,0.908,FALSE,FALSE,FALSE
"S3a","respiratory CT","AFL-only-NoCOPD","HR",1.651,0.661,4.124,0.284,1.655,0.662,4.135,0.281,FALSE,FALSE,FALSE
"S3a","respiratory ESI","AFL-only-NoCOPD","HR",1.997,0.728,5.478,0.179,2.101,0.766,5.762,0.149,FALSE,FALSE,FALSE
"S3a","exacerbations CT","AFL-only-NoCOPD","IRR",1.287,0.945,1.752,0.109,1.249,0.915,1.704,0.161,FALSE,FALSE,FALSE
"S3a","exacerbations ESI","AFL-only-NoCOPD","IRR",0.967,0.627,1.493,0.88,0.899,0.579,1.395,0.635,FALSE,FALSE,FALSE
"S3a","all-cause CT","COPD-minor","HR",1.863,1.602,2.166,6.76e-16,2.083,1.794,2.419,5.59e-22,FALSE,FALSE,FALSE
"S3a","all-cause ESI","COPD-minor","HR",1.898,1.587,2.27,2.27e-12,2.11,1.766,2.52,1.78e-16,FALSE,FALSE,FALSE
"S3a","respiratory CT","COPD-minor","HR",2.942,1.914,4.522,8.73e-07,3.117,2.032,4.783,1.94e-07,FALSE,FALSE,FALSE
"S3a","respiratory ESI","COPD-minor","HR",2.779,1.685,4.582,6.21e-05,2.915,1.77,4.799,2.62e-05,FALSE,FALSE,FALSE
"S3a","exacerbations CT","COPD-minor","IRR",2.702,2.341,3.118,4.26e-42,2.832,2.459,3.261,2.54e-47,FALSE,FALSE,FALSE
"S3a","exacerbations ESI","COPD-minor","IRR",2.756,2.314,3.283,6.96e-30,2.905,2.441,3.457,3.23e-33,FALSE,FALSE,FALSE
"S3a","all-cause CT","COPD-major","HR",2.398,2.173,2.647,1.65e-67,2.702,2.454,2.975,4.15e-91,FALSE,FALSE,FALSE
"S3a","all-cause ESI","COPD-major","HR",2.222,2.023,2.441,2.86e-62,2.481,2.264,2.719,5.73e-84,FALSE,FALSE,FALSE
"S3a","respiratory CT","COPD-major","HR",12.256,9.303,16.148,5.47e-71,14.092,10.72,18.523,3.38e-80,FALSE,FALSE,FALSE
"S3a","respiratory ESI","COPD-major","HR",10.477,8.164,13.445,4.18e-76,11.991,9.364,15.354,2.5e-86,FALSE,FALSE,FALSE
"S3a","exacerbations CT","COPD-major","IRR",4.818,4.375,5.307,2.55e-223,4.907,4.468,5.389,1.07e-242,FALSE,FALSE,FALSE
"S3a","exacerbations ESI","COPD-major","IRR",4.254,3.873,4.673,8.32e-201,4.348,3.967,4.765,1.01e-216,FALSE,FALSE,FALSE
"S4a CVD","cause-spec CT","AFL-only-NoCOPD","HR",0.994,0.464,2.129,0.988,0.994,0.464,2.129,0.988,FALSE,FALSE,FALSE
"S4a CVD","cause-spec ESI","AFL-only-NoCOPD","HR",0.721,0.23,2.265,0.575,0.755,0.241,2.372,0.631,FALSE,FALSE,FALSE
"S4a CVD","cause-spec CT","COPD-minor","HR",1.667,1.212,2.291,0.00166,2.005,1.464,2.746,1.48e-05,FALSE,FALSE,FALSE
"S4a CVD","cause-spec ESI","COPD-minor","HR",1.872,1.296,2.706,0.000844,2.241,1.555,3.229,1.51e-05,FALSE,FALSE,FALSE
"S4a CVD","cause-spec CT","COPD-major","HR",2.336,1.897,2.876,1.34e-15,2.502,2.042,3.066,9.03e-19,FALSE,FALSE,FALSE
"S4a CVD","cause-spec ESI","COPD-major","HR",2.235,1.832,2.726,2.22e-15,2.356,1.94,2.862,5.37e-18,FALSE,FALSE,FALSE
"S4b Cancer","cause-spec CT","AFL-only-NoCOPD","HR",1.163,0.54,2.503,0.7,1.172,0.545,2.522,0.685,FALSE,FALSE,FALSE
"S4b Cancer","cause-spec ESI","AFL-only-NoCOPD","HR",1.605,0.706,3.652,0.259,1.716,0.755,3.903,0.198,FALSE,FALSE,FALSE
"S4b Cancer","cause-spec CT","COPD-minor","HR",2.319,1.669,3.222,5.36e-07,2.708,1.957,3.748,1.87e-09,FALSE,FALSE,FALSE
"S4b Cancer","cause-spec ESI","COPD-minor","HR",2.571,1.771,3.733,6.84e-07,2.97,2.052,4.298,7.94e-09,FALSE,FALSE,FALSE
"S4b Cancer","cause-spec CT","COPD-major","HR",2.054,1.629,2.591,1.2e-09,2.407,1.919,3.018,2.83e-14,FALSE,FALSE,FALSE
"S4b Cancer","cause-spec ESI","COPD-major","HR",1.88,1.509,2.342,1.78e-08,2.173,1.754,2.692,1.25e-12,FALSE,FALSE,FALSE
"S4c Other","cause-spec CT","AFL-only-NoCOPD","HR",0.597,0.245,1.456,0.257,0.595,0.244,1.449,0.253,FALSE,FALSE,FALSE
"S4c Other","cause-spec ESI","AFL-only-NoCOPD","HR",0.619,0.197,1.939,0.41,0.653,0.208,2.047,0.465,FALSE,FALSE,FALSE
"S4c Other","cause-spec CT","COPD-minor","HR",1.743,1.312,2.315,0.000126,1.987,1.501,2.63,1.59e-06,FALSE,FALSE,FALSE
"S4c Other","cause-spec ESI","COPD-minor","HR",1.821,1.306,2.539,0.000411,2.066,1.486,2.873,1.58e-05,FALSE,FALSE,FALSE
"S4c Other","cause-spec CT","COPD-major","HR",1.922,1.583,2.333,3.98e-11,2.14,1.772,2.584,2.6e-15,FALSE,FALSE,FALSE
"S4c Other","cause-spec ESI","COPD-major","HR",1.799,1.495,2.166,5.24e-10,1.983,1.656,2.375,1.06e-13,FALSE,FALSE,FALSE
"S6a","cont ESI alone","ESI_v1post","HR",1.1,1.071,1.131,7.63e-12,1.251,1.235,1.267,2.51e-260,FALSE,FALSE,FALSE
"S6a","cont ESI + FEV1/FVC","ESI_v1post","HR",1.068,1.022,1.117,0.00377,1.1,1.064,1.137,1.83e-08,FALSE,FALSE,FALSE
"S6b","cont ESI alone","ESI_v1post","HR",1.103,1.066,1.143,3.46e-08,1.414,1.389,1.438,0,FALSE,FALSE,FALSE
"S6b","cont ESI + FEV1/FVC","ESI_v1post","HR",0.99,0.926,1.058,0.77,0.965,0.916,1.016,0.174,FALSE,FALSE,FALSE
"S6c","cont ESI alone","ESI_v1post","IRR",1.111,1.072,1.152,9.46e-09,1.33,1.306,1.355,7.55e-204,FALSE,FALSE,FALSE
"S6c","cont ESI + FEV1/FVC","ESI_v1post","IRR",1.007,0.955,1.062,0.796,0.978,0.94,1.018,0.281,FALSE,FALSE,FALSE
"S5","FEV1 decline CT","AFL-only-NoCOPD","mL/yr",3.668,-1.765,9.102,0.186,4.137,-1.309,9.583,0.137,FALSE,FALSE,FALSE
"S5","FEV1 decline ESI","AFL-only-NoCOPD","mL/yr",10.176,1.943,18.408,0.0154,9.8,1.543,18.057,0.02,FALSE,FALSE,FALSE
"S5","FEV1 decline CT","COPD-minor","mL/yr",-0.431,-3.332,2.469,0.771,-1.499,-4.406,1.408,0.312,FALSE,FALSE,FALSE
"S5","FEV1 decline ESI","COPD-minor","mL/yr",-1.578,-5.118,1.961,0.382,-2.677,-6.228,0.873,0.139,FALSE,FALSE,FALSE
"S5","FEV1 decline CT","COPD-major","mL/yr",1.383,-0.504,3.269,0.151,0.93,-0.96,2.82,0.335,FALSE,FALSE,FALSE
"S5","FEV1 decline ESI","COPD-major","mL/yr",1.184,-0.651,3.019,0.206,0.876,-0.964,2.717,0.351,FALSE,FALSE,FALSE
"S6d","cont ESI alone (GOLD 0)","ESI_v1post","mL/yr",-5.416,-8.229,-2.603,0.000163,-5.719,-8.567,-2.87,8.44e-05,FALSE,FALSE,FALSE
"S6d","cont ESI + FEV1/FVC (GOLD 0)","ESI_v1post","mL/yr",-4.752,-7.634,-1.87,0.00124,-4.991,-7.911,-2.072,0.000811,FALSE,FALSE,FALSE
