"outcome","contrast","est_logHR","se_logHR","p_adj"
"all-cause mortality","Both-COPD - Bhatt-only-COPD",0.279412692865148,0.128193915362289,0.0688491802224245
"all-cause mortality","Both-COPD - ESI-only-COPD",0.476036528033965,0.265091327233153,0.16084829591812
"all-cause mortality","Bhatt-only-COPD - ESI-only-COPD",0.196623835168817,0.267806380947385,0.73339850325981
"respiratory mortality","Both-COPD - Bhatt-only-COPD",0.209123741660232,0.34675592137274,0.812779032623134
"respiratory mortality","Both-COPD - ESI-only-COPD",0.0535920051449166,0.629864582442381,0.995874695603713
"respiratory mortality","Bhatt-only-COPD - ESI-only-COPD",-0.155531736515315,0.629285159581486,0.965730070864086
"exacerbations","Both-COPD - Bhatt-only-COPD",0.454092204077148,0.145578343711746,0.00460805208180193
"exacerbations","Both-COPD - ESI-only-COPD",0.690831192431986,0.271729961380731,0.0275884221347449
"exacerbations","Bhatt-only-COPD - ESI-only-COPD",0.236738988354839,0.272916543830554,0.651236796487565
