"cause","group","n_events_bhatt","bhatt_HR","bhatt_LCI","bhatt_UCI","bhatt_p","n_events_esi","esi_HR","esi_LCI","esi_UCI","esi_p"
"CVD","AFL-only-NoCOPD",6,1.22149676927498,0.534365973466638,2.79219567007548,0.635272616869957,2,0.733877765889496,0.180732399391948,2.97996694050947,0.665188861835828
"CVD","COPD-minor",37,1.39304941170579,0.948232932088629,2.04652949479345,0.0911973660835728,23,1.50682790632661,0.9569470700795,2.37268121746378,0.0767294264624794
"CVD","COPD-major",186,1.74504503365801,1.34962493194962,2.25631736448104,2.16699506526977e-05,190,1.70740403080446,1.33387429822365,2.18553467016314,2.1663836616009e-05
"Cancer","AFL-only-NoCOPD",7,1.19102590003891,0.552964578756004,2.56534098034774,0.65519632063166,6,1.60929298786132,0.707280215035445,3.66166600694442,0.256665411418627
"Cancer","COPD-minor",57,2.32190869567105,1.66896335093045,3.23030460077342,5.72234058040124e-07,36,2.47821656922479,1.69954406242291,3.61364997811515,2.40629255496728e-06
"Cancer","COPD-major",275,1.97091108366761,1.55688606460387,2.49503838979519,1.70598386797737e-08,276,1.78956066179357,1.43234954286333,2.23585602983267,3.00826972950484e-07
"Other","AFL-only-NoCOPD",4,0.806434141475258,0.296630139239814,2.192413846427,0.673320218392546,1,0.357727663366864,0.0498888102494857,2.56508584786777,0.306421728502093
"Other","COPD-minor",60,2.11350718949176,1.52963728088714,2.9202430509818,5.71921423189793e-06,37,2.01635549703157,1.3908346585454,2.92320116228734,0.00021474966325437
"Other","COPD-major",157,1.4280540909518,1.10246955284816,1.84979120866936,0.00695749787506212,160,1.30350225969772,1.01934417318578,1.66687384470622,0.0346282716347717
