"outcome","category","ratio_S4_over_S2","lo","hi","p_two_sided","B_eff"
"all-cause mortality","AFL-only",1.11255976443844,0.875387723707462,1.41203093009527,0.372,1000
"all-cause mortality","COPD-minor",1.07014081746132,0.930979343898657,1.22293017416559,0.31,1000
"all-cause mortality","COPD-major",1.15150426041475,1.1073984817241,1.19892272239639,0,1000
"respiratory mortality","AFL-only",1.26706277186138,0.555603628609049,3.50878476716345,0.653534183082271,863
"respiratory mortality","COPD-minor",1.48893475964859,0.721043054606305,3.41301750222871,0.287369640787949,863
"respiratory mortality","COPD-major",1.4914942960367,1.08497102264281,2.28177372495328,0.00926998841251448,863
"exacerbations","AFL-only",1.02092017063188,0.807279129780901,1.28775961177926,0.858,1000
"exacerbations","COPD-minor",1.11028087328503,0.959071382353882,1.28993379935828,0.178,1000
"exacerbations","COPD-major",1.19515686694615,1.13981814355587,1.25932044057767,0,1000
